"n","avgBuck","qualV_LCS","LCSLCIS_LCS","LCSLCIS_LCIS","qualV_LCS_time","LCSLCIS_LCS_time","LCSLCIS_LCIS_time"
100,10,95,95,11,0.000224113464355469,0.000813961029052734,0.000575065612792969
500,10,439,439,46,0.00712108612060547,0.00229692459106445,0.00186920166015625
1000,10,868,868,93,0.0212821960449219,0.00436711311340332,0.00459980964660645
5000,10,4300,4300,454,0.598082065582275,0.0298399925231934,0.0275001525878906
10000,10,8624,8624,907,3.01602506637573,0.0639638900756836,0.0535027980804443
50000,10,0,42860,4523,-1,0.398259878158569,0.318660974502563
75000,10,0,64513,6783,-1,0.67310905456543,0.530154943466187
1e+05,10,0,85860,9051,-1,1.18783807754517,0.780745029449463
