"n","qualV","LCSLCIS"
100,0.000383138656616211,0.00313878059387207
200,0.000551939010620117,0.0055692195892334
400,0.0018608570098877,0.0105130672454834
800,0.00852799415588379,0.0193798542022705
1600,0.035991907119751,0.0459768772125244
3200,0.174560785293579,0.0813150405883789
6400,0.905404090881348,0.163722038269043
12800,7.91416907310486,0.370522975921631
